,acc_tune,acc_test
0,0.5600890207715133,0.5560978776342255
1,0.6616765578635014,0.6530179346302557
2,0.7130044510385757,0.6992506675588983
