{
  "subject": "UTS03",
  "feature_space": "qa_embedder-10",
  "encoding_model": "ridge",
  "qa_embedding_model": "mist-7B",
  "qa_questions_version": "v3_boostexamples",
  "l1_ratio": 0.5,
  "min_alpha": -1,
  "pc_components": 100,
  "pc_components_input": -1,
  "mlp_dim_hidden": 512,
  "num_stories": -1,
  "trim": 5,
  "ndelays": 8,
  "nboots": 5,
  "chunklen": 40,
  "nchunks": 125,
  "singcutoff": 1e-10,
  "single_alpha": false,
  "seed": 1,
  "use_test_setup": 0,
  "save_dir": "/home/chansingh/mntv1/deep-fMRI/encoding/results_apr7",
  "use_cache": 1,
  "use_save_features": 1,
  "use_extract_only": 0,
  "save_dir_unique": "/home/chansingh/mntv1/deep-fMRI/encoding/results_apr7/21a012cdbb3aecc920c48679ae614e2ec32e80e5bb2949d3180f39d85abe75d6",
  "corrs_test_mean": 0.04242522144987225,
  "corrs_test_median": 0.03162417743139989,
  "corrs_test_frac>0": 0.7116036669596886,
  "corrs_test_mean_top1_percentile": 0.3206542918989077,
  "corrs_test_mean_top5_percentile": 0.24186500802313515,
  "corrs_tune_pc_mean": 0.03861847144809009,
  "corrs_tune_pc_median": 0.031983396725644514,
  "corrs_tune_pc_frac>0": 0.96,
  "corrs_tune_pc_mean_top1_percentile": 0.20344404265068974,
  "corrs_tune_pc_mean_top5_percentile": 0.16060341973728692,
  "corrs_test_pc_mean": 0.06389718349723711,
  "corrs_test_pc_median": 0.053657061441732656,
  "corrs_test_pc_frac>0": 0.78,
  "corrs_test_pc_mean_top1_percentile": 0.33550106955422115,
  "corrs_test_pc_mean_top5_percentile": 0.25520423155610583,
  "distill_model_path": "None",
  "feature_selection_alpha_index": 2.0,
  "seed_stories": 1.0,
  "alpha": 0.37275937203149406,
  "weight_enet_mask_num_nonzero": 1.0,
  "r2_test_mean": 0.006205415585815023,
  "r2_test_median": 0.001000088598317558,
  "r2_tune_pc_mean": 0.002825724629673127,
  "r2_tune_pc_median": 0.001024123347560689,
  "r2_test_pc_mean": 0.009811860477546201,
  "r2_test_pc_median": 0.0028817848057886754,
  "corrs_tune": NaN,
  "corrs_tune_mean": NaN,
  "corrs_tune_median": NaN,
  "corrs_tune_frac>0": NaN,
  "corrs_tune_mean_top1_percentile": NaN,
  "corrs_tune_mean_top5_percentile": NaN
}