{
  "subject": "S03",
  "feature_space": "qa_embedder-10",
  "encoding_model": "ridge",
  "qa_embedding_model": "mist-7B",
  "qa_questions_version": "v3_boostexamples",
  "l1_ratio": 0.5,
  "min_alpha": -1.0,
  "pc_components": 100,
  "pc_components_input": -1.0,
  "mlp_dim_hidden": 512.0,
  "num_stories": -1,
  "trim": 5,
  "ndelays": 8,
  "nboots": 5,
  "chunklen": 40,
  "nchunks": 125,
  "singcutoff": 1e-10,
  "single_alpha": false,
  "seed": 1,
  "use_test_setup": 0,
  "save_dir": "/home/chansingh/mntv1/deep-fMRI/encoding/results_apr7",
  "use_cache": 1,
  "use_save_features": 1,
  "use_extract_only": 0,
  "save_dir_unique": "/home/chansingh/mntv1/deep-fMRI/encoding/results_apr7/140ba269011d7e44d29dc4d248581bad396a9fe91ce3a1be14196a5a6345da01",
  "corrs_test_mean": 0.13201579831812787,
  "corrs_test_median": 0.09957689005937442,
  "corrs_test_frac>0": 0.8940097953032776,
  "corrs_test_mean_top1_percentile": 0.5407927220196608,
  "corrs_test_mean_top5_percentile": 0.4593340565452387,
  "corrs_tune_pc_mean": 0.13278301032600848,
  "corrs_tune_pc_median": 0.11568895789890593,
  "corrs_tune_pc_frac>0": 1.0,
  "corrs_tune_pc_mean_top1_percentile": 0.4278437494297017,
  "corrs_tune_pc_mean_top5_percentile": 0.33275469022464127,
  "corrs_test_pc_mean": 0.24525098780545604,
  "corrs_test_pc_median": 0.23765620743727411,
  "corrs_test_pc_frac>0": 1.0,
  "corrs_test_pc_mean_top1_percentile": 0.6318033316625219,
  "corrs_test_pc_mean_top5_percentile": 0.48990121612810783,
  "distill_model_path": NaN,
  "feature_selection_alpha_index": 8.0,
  "seed_stories": 1.0,
  "r2_test_mean": 0.03346351731979409,
  "r2_test_median": 0.009915557034089126,
  "r2_tune_pc_mean": 0.022654462725872147,
  "r2_tune_pc_median": 0.013384424651679131,
  "r2_test_pc_mean": 0.07277813997298307,
  "r2_test_pc_median": 0.05648084413955169,
  "alpha": 0.019306977288832506,
  "weight_enet_mask_num_nonzero": 669.0,
  "corrs_tune_pc_weighted_mean": NaN,
  "corrs_tune": NaN,
  "corrs_tune_mean": NaN,
  "corrs_tune_median": NaN,
  "corrs_tune_frac>0": NaN,
  "corrs_tune_mean_top1_percentile": NaN,
  "corrs_tune_mean_top5_percentile": NaN,
  "corrs_test_mean_sem": 0.00041316944683601135
}