{
  "subject": "S03",
  "feature_space": "qa_embedder-10",
  "encoding_model": "ridge",
  "qa_embedding_model": "mist-7B",
  "qa_questions_version": "v3_boostexamples",
  "l1_ratio": 0.5,
  "min_alpha": -1.0,
  "pc_components": 100,
  "pc_components_input": -1.0,
  "mlp_dim_hidden": 512.0,
  "num_stories": -1,
  "trim": 5,
  "ndelays": 8,
  "nboots": 5,
  "chunklen": 40,
  "nchunks": 125,
  "singcutoff": 1e-10,
  "single_alpha": false,
  "seed": 1,
  "use_test_setup": 0,
  "save_dir": "/home/chansingh/mntv1/deep-fMRI/encoding/results_apr7",
  "use_cache": 1,
  "use_save_features": 1,
  "use_extract_only": 0,
  "save_dir_unique": "/home/chansingh/mntv1/deep-fMRI/encoding/results_apr7/8fdabc2001f6139f716efce27335738e4ca83a5594b0a4977375b771ea478800",
  "corrs_test_mean": 0.13225258808244308,
  "corrs_test_median": 0.09991583710714375,
  "corrs_test_frac>0": 0.8944493281426598,
  "corrs_test_mean_top1_percentile": 0.5406029572067497,
  "corrs_test_mean_top5_percentile": 0.45925822334294214,
  "corrs_tune_pc_mean": 0.13291476350683393,
  "corrs_tune_pc_median": 0.11575243356462869,
  "corrs_tune_pc_frac>0": 1.0,
  "corrs_tune_pc_mean_top1_percentile": 0.42812844994777716,
  "corrs_tune_pc_mean_top5_percentile": 0.33290905603475857,
  "corrs_test_pc_mean": 0.24517045671834883,
  "corrs_test_pc_median": 0.2379917907735115,
  "corrs_test_pc_frac>0": 1.0,
  "corrs_test_pc_mean_top1_percentile": 0.631985455170493,
  "corrs_test_pc_mean_top5_percentile": 0.49009879080903646,
  "distill_model_path": NaN,
  "feature_selection_alpha_index": 9.0,
  "seed_stories": 1.0,
  "r2_test_mean": 0.03352009054089606,
  "r2_test_median": 0.009983174505175729,
  "r2_tune_pc_mean": 0.02269608319441732,
  "r2_tune_pc_median": 0.013399020421481245,
  "r2_test_pc_mean": 0.0728250784389847,
  "r2_test_pc_median": 0.05664019762431924,
  "alpha": 0.011787686347935878,
  "weight_enet_mask_num_nonzero": 672.0,
  "corrs_tune_pc_weighted_mean": NaN,
  "corrs_tune": NaN,
  "corrs_tune_mean": NaN,
  "corrs_tune_median": NaN,
  "corrs_tune_frac>0": NaN,
  "corrs_tune_mean_top1_percentile": NaN,
  "corrs_tune_mean_top5_percentile": NaN,
  "corrs_test_mean_sem": 0.00041307533811695994
}