{
  "subject": "UTS03",
  "feature_space": "qa_embedder-10",
  "encoding_model": "ridge",
  "qa_embedding_model": "mist-7B",
  "qa_questions_version": "v3_boostexamples",
  "l1_ratio": 0.5,
  "min_alpha": -1,
  "pc_components": 100,
  "pc_components_input": -1,
  "mlp_dim_hidden": 512,
  "num_stories": -1,
  "trim": 5,
  "ndelays": 8,
  "nboots": 5,
  "chunklen": 40,
  "nchunks": 125,
  "singcutoff": 1e-10,
  "single_alpha": false,
  "seed": 1,
  "use_test_setup": 0,
  "save_dir": "/home/chansingh/mntv1/deep-fMRI/encoding/results_apr7",
  "use_cache": 1,
  "use_save_features": 1,
  "use_extract_only": 0,
  "save_dir_unique": "/home/chansingh/mntv1/deep-fMRI/encoding/results_apr7/051b8697e374f52549bfacb504cdaa845b54617842854e81180131692195307a",
  "corrs_test_mean": 0.12726692619085958,
  "corrs_test_median": 0.09577209503223255,
  "corrs_test_frac>0": 0.8937063083427519,
  "corrs_test_mean_top1_percentile": 0.528496748934078,
  "corrs_test_mean_top5_percentile": 0.44714690306642824,
  "corrs_tune_pc_mean": 0.13227037282595736,
  "corrs_tune_pc_median": 0.11417490152910145,
  "corrs_tune_pc_frac>0": 1.0,
  "corrs_tune_pc_mean_top1_percentile": 0.41804625425543795,
  "corrs_tune_pc_mean_top5_percentile": 0.3287603450800866,
  "corrs_test_pc_mean": 0.24490953733993379,
  "corrs_test_pc_median": 0.23771773402192733,
  "corrs_test_pc_frac>0": 1.0,
  "corrs_test_pc_mean_top1_percentile": 0.6377364564010974,
  "corrs_test_pc_mean_top5_percentile": 0.49230195498702,
  "distill_model_path": "None",
  "feature_selection_alpha_index": 4.0,
  "seed_stories": 1.0,
  "alpha": 0.13894954943731377,
  "weight_enet_mask_num_nonzero": 102.0,
  "r2_test_mean": 0.031263460689573114,
  "r2_test_median": 0.009172294187368452,
  "r2_tune_pc_mean": 0.022316734512962108,
  "r2_tune_pc_median": 0.013035908265272421,
  "r2_test_pc_mean": 0.0726754200719944,
  "r2_test_pc_median": 0.0565104691308099,
  "corrs_tune": NaN,
  "corrs_tune_mean": NaN,
  "corrs_tune_median": NaN,
  "corrs_tune_frac>0": NaN,
  "corrs_tune_mean_top1_percentile": NaN,
  "corrs_tune_mean_top5_percentile": NaN
}